Up Views,10000,https://www.tiktok.com/@palopatok/video/7344280396651154694
Up Views,10000,https://www.tiktok.com/@palopatok/video/7344280239003946246
Up Views,10000,https://www.tiktok.com/@palopatok/video/7344280071982681350
Up Views,10000,https://www.tiktok.com/@palopatok/video/7344279903858117894
Up Views,10000,https://www.tiktok.com/@palopatok/video/7344279699675221254
Up Views,10000,https://www.tiktok.com/@palopatok/video/7344279533861752070
Up Views,10000,https://www.tiktok.com/@palopatok/video/7344279305301675270
Up Views,10000,https://www.tiktok.com/@palopatok/video/7344279073365200134
Up Views,10000,https://www.tiktok.com/@palopatok/video/7344278874382945542
Up Views,10000,https://www.tiktok.com/@palopatok/video/7344278690773110021
Up Views,10000,https://www.tiktok.com/@palopatok/video/7344278476519738630
Up Views,10000,https://www.tiktok.com/@palopatok/video/7344278308537765126
Up Views,10000,https://www.tiktok.com/@palopatok/video/7344182333047672069
Up Views,10000,https://www.tiktok.com/@palopatok/video/7344182157771853061
Up Views,10000,https://www.tiktok.com/@palopatok/video/7344181897276296453
Up Views,10000,https://www.tiktok.com/@palopatok/video/7344181687707815173
Up Views,10000,https://www.tiktok.com/@palopatok/video/7344181441099615493
Up Views,10000,https://www.tiktok.com/@palopatok/video/7344181236652395782
Up Views,10000,https://www.tiktok.com/@palopatok/video/7344180998222990598
Up Views,10000,https://www.tiktok.com/@palopatok/video/7344180757746830597
Up Views,10000,https://www.tiktok.com/@palopatok/video/7344180454397889798
Up Views,10000,https://www.tiktok.com/@palopatok/video/7344180184683269381
Up Views,10000,https://www.tiktok.com/@palopatok/video/7344012221648866565
Up Views,10000,https://www.tiktok.com/@palopatok/video/7343995691787881733
Up Views,10000,https://www.tiktok.com/@palopatok/video/7343995365902994694
Up Views,10000,https://www.tiktok.com/@palopatok/video/7343995184251686149
Up Views,10000,https://www.tiktok.com/@palopatok/video/7343994901958315270
Up Views,10000,https://www.tiktok.com/@palopatok/video/7343994716339326214
Up Views,10000,https://www.tiktok.com/@palopatok/video/7343994490539019525
Up Views,10000,https://www.tiktok.com/@palopatok/video/7343993757362146566
Up Views,10000,https://www.tiktok.com/@palopatok/video/7343993633919765766
Up Views,10000,https://www.tiktok.com/@palopatok/video/7343992088922475781
Up Views,10000,https://www.tiktok.com/@palopatok/video/7343991869719809286
Up Views,10000,https://www.tiktok.com/@palopatok/video/7343991396254174469
Up Views,10000,https://www.tiktok.com/@palopatok/video/7343964264610204933
Up Views,10000,https://www.tiktok.com/@palopatok/video/7343964035177598214
Up Views,10000,https://www.tiktok.com/@palopatok/video/7343963684437232902
Up Views,10000,https://www.tiktok.com/@palopatok/video/7343962700797562117
Up Views,10000,https://www.tiktok.com/@palopatok/video/7343803215206468869
Up Views,10000,https://www.tiktok.com/@palopatok/video/7343802910729424133
Up Views,10000,https://www.tiktok.com/@palopatok/video/7343802552250584325
Up Views,10000,https://www.tiktok.com/@palopatok/video/7343802116227468549
Up Views,10000,https://www.tiktok.com/@palopatok/video/7343752696626728197
Up Views,10000,https://www.tiktok.com/@palopatok/video/7343752508046593286
Up Views,10000,https://www.tiktok.com/@palopatok/video/7343752111424916742
Up Views,10000,https://www.tiktok.com/@palopatok/video/7343751595437362437
Up Views,10000,https://www.tiktok.com/@palopatok/video/7343747897575345413
Up Views,10000,https://www.tiktok.com/@palopatok/video/7343747601134570758
Up Views,10000,https://www.tiktok.com/@palopatok/video/7343747235424898310
Up Views,10000,https://www.tiktok.com/@palopatok/video/7343517169814162693
Up Views,10000,https://www.tiktok.com/@palopatok/video/7343517033423736070
Up Views,10000,https://www.tiktok.com/@palopatok/video/7343516898333641990
Up Views,10000,https://www.tiktok.com/@palopatok/video/7343516813231262982
Up Views,10000,https://www.tiktok.com/@palopatok/video/7343515208024952070
Up Views,10000,https://www.tiktok.com/@palopatok/video/7343514835688230149
Up Views,10000,https://www.tiktok.com/@palopatok/video/7343514601545354501
Up Views,10000,https://www.tiktok.com/@palopatok/video/7343514320636054789
Up Views,10000,https://www.tiktok.com/@palopatok/video/7343514101819280646
Up Views,10000,https://www.tiktok.com/@palopatok/video/7343513461906754821
Up Views,10000,https://www.tiktok.com/@palopatok/video/7343512503206300934
Up Views,10000,https://www.tiktok.com/@palopatok/video/7343471847154912517
Up Views,10000,https://www.tiktok.com/@palopatok/video/7343471680410406149
Up Views,10000,https://www.tiktok.com/@palopatok/video/7343471328495734021
Up Views,10000,https://www.tiktok.com/@palopatok/video/7343471099214073093
Up Views,10000,https://www.tiktok.com/@palopatok/video/7343470844540144901
Up Views,10000,https://www.tiktok.com/@palopatok/video/7343470169143938310
Up Views,10000,https://www.tiktok.com/@palopatok/video/7343470511604763910
Up Views,10000,https://www.tiktok.com/@palopatok/video/7343469943716891909
Up Views,10000,https://www.tiktok.com/@palopatok/video/7343469369059446022
Up Views,10000,https://www.tiktok.com/@palopatok/video/7343416709556030726
Up Views,10000,https://www.tiktok.com/@palopatok/video/7343416423429000454
Up Views,10000,https://www.tiktok.com/@palopatok/video/7343378337621871878
Up Views,10000,https://www.tiktok.com/@palopatok/video/7343378108713569542
Up Views,10000,https://www.tiktok.com/@palopatok/video/7343377569380650246
Up Views,10000,https://www.tiktok.com/@palopatok/video/7343377121923943685
Up Views,10000,https://www.tiktok.com/@palopatok/video/7343227870317137158
Up Views,10000,https://www.tiktok.com/@palopatok/video/7343227592314588422
Up Views,10000,https://www.tiktok.com/@palopatok/video/7343227345559489797
Up Views,10000,https://www.tiktok.com/@palopatok/video/7343227042982399237
Up Views,10000,https://www.tiktok.com/@palopatok/video/7343226818524204293
Up Views,10000,https://www.tiktok.com/@palopatok/video/7343226628639591685
Up Views,10000,https://www.tiktok.com/@palopatok/video/7343226385076423942
Up Views,10000,https://www.tiktok.com/@palopatok/video/7343226072986553606
Up Views,10000,https://www.tiktok.com/@palopatok/video/7343225877896973574
Up Views,10000,https://www.tiktok.com/@palopatok/video/7343225598640213253
Up Views,10000,https://www.tiktok.com/@palopatok/video/7343216067994553606
Up Views,10000,https://www.tiktok.com/@palopatok/video/7343215864704978181
Up Views,10000,https://www.tiktok.com/@palopatok/video/7343215634718690565
Up Views,10000,https://www.tiktok.com/@palopatok/video/7343033156204875013
Up Views,10000,https://www.tiktok.com/@palopatok/video/7342671576728358150
Up Views,10000,https://www.tiktok.com/@palopatok/video/7342352517004610821
Up Views,10000,https://www.tiktok.com/@palopatok/video/7341663775361142021
Up Views,10000,https://www.tiktok.com/@palopatok/video/7341588013333417222
Up Views,10000,https://www.tiktok.com/@palopatok/video/7341197144201678086
Up Views,10000,https://www.tiktok.com/@palopatok/video/7341160275690720517
Up Views,10000,https://www.tiktok.com/@palopatok/video/7341135011418066182
Up Views,10000,https://www.tiktok.com/@palopatok/video/7341130807806889222
Up Views,10000,https://www.tiktok.com/@palopatok/video/7341073484170267910
Up Views,10000,https://www.tiktok.com/@palopatok/video/7340533124725542149
Up Views,10000,https://www.tiktok.com/@palopatok/video/7340426565999807750
Up Shares,10000,https://www.tiktok.com/@palopatok/video/7344280396651154694
Up Shares,10000,https://www.tiktok.com/@palopatok/video/7344280239003946246
Up Shares,10000,https://www.tiktok.com/@palopatok/video/7344280071982681350
Up Shares,10000,https://www.tiktok.com/@palopatok/video/7344279903858117894
Up Shares,10000,https://www.tiktok.com/@palopatok/video/7344279699675221254
Up Shares,10000,https://www.tiktok.com/@palopatok/video/7344279533861752070
Up Shares,10000,https://www.tiktok.com/@palopatok/video/7344279305301675270
Up Shares,10000,https://www.tiktok.com/@palopatok/video/7344279073365200134
Up Shares,10000,https://www.tiktok.com/@palopatok/video/7344278874382945542
Up Shares,10000,https://www.tiktok.com/@palopatok/video/7344278690773110021
Up Shares,10000,https://www.tiktok.com/@palopatok/video/7344278476519738630
Up Shares,10000,https://www.tiktok.com/@palopatok/video/7344278308537765126
Up Shares,10000,https://www.tiktok.com/@palopatok/video/7344182333047672069
Up Shares,10000,https://www.tiktok.com/@palopatok/video/7344182157771853061
Up Shares,10000,https://www.tiktok.com/@palopatok/video/7344181897276296453
Up Shares,10000,https://www.tiktok.com/@palopatok/video/7344181687707815173
Up Shares,10000,https://www.tiktok.com/@palopatok/video/7344181441099615493
Up Shares,10000,https://www.tiktok.com/@palopatok/video/7344181236652395782
Up Shares,10000,https://www.tiktok.com/@palopatok/video/7344180998222990598
Up Shares,10000,https://www.tiktok.com/@palopatok/video/7344180757746830597
Up Shares,10000,https://www.tiktok.com/@palopatok/video/7344180454397889798
Up Shares,10000,https://www.tiktok.com/@palopatok/video/7344180184683269381
Up Shares,10000,https://www.tiktok.com/@palopatok/video/7344012221648866565
Up Shares,10000,https://www.tiktok.com/@palopatok/video/7343995691787881733
Up Shares,10000,https://www.tiktok.com/@palopatok/video/7343995365902994694
Up Shares,10000,https://www.tiktok.com/@palopatok/video/7343995184251686149
Up Shares,10000,https://www.tiktok.com/@palopatok/video/7343994901958315270
Up Shares,10000,https://www.tiktok.com/@palopatok/video/7343994716339326214
Up Shares,10000,https://www.tiktok.com/@palopatok/video/7343994490539019525
Up Shares,10000,https://www.tiktok.com/@palopatok/video/7343993757362146566
Up Shares,10000,https://www.tiktok.com/@palopatok/video/7343993633919765766
Up Shares,10000,https://www.tiktok.com/@palopatok/video/7343992088922475781
Up Shares,10000,https://www.tiktok.com/@palopatok/video/7343991869719809286
Up Shares,10000,https://www.tiktok.com/@palopatok/video/7343991396254174469
Up Shares,10000,https://www.tiktok.com/@palopatok/video/7343964264610204933
Up Shares,10000,https://www.tiktok.com/@palopatok/video/7343964035177598214
Up Shares,10000,https://www.tiktok.com/@palopatok/video/7343963684437232902
Up Shares,10000,https://www.tiktok.com/@palopatok/video/7343962700797562117
Up Shares,10000,https://www.tiktok.com/@palopatok/video/7343803215206468869
Up Shares,10000,https://www.tiktok.com/@palopatok/video/7343802910729424133
Up Shares,10000,https://www.tiktok.com/@palopatok/video/7343802552250584325
Up Shares,10000,https://www.tiktok.com/@palopatok/video/7343802116227468549
Up Shares,10000,https://www.tiktok.com/@palopatok/video/7343752696626728197
Up Shares,10000,https://www.tiktok.com/@palopatok/video/7343752508046593286
Up Shares,10000,https://www.tiktok.com/@palopatok/video/7343752111424916742
Up Shares,10000,https://www.tiktok.com/@palopatok/video/7343751595437362437
Up Shares,10000,https://www.tiktok.com/@palopatok/video/7343747897575345413
Up Shares,10000,https://www.tiktok.com/@palopatok/video/7343747601134570758
Up Shares,10000,https://www.tiktok.com/@palopatok/video/7343747235424898310
Up Shares,10000,https://www.tiktok.com/@palopatok/video/7343517169814162693
Up Shares,10000,https://www.tiktok.com/@palopatok/video/7343517033423736070
Up Shares,10000,https://www.tiktok.com/@palopatok/video/7343516898333641990
Up Shares,10000,https://www.tiktok.com/@palopatok/video/7343516813231262982
Up Shares,10000,https://www.tiktok.com/@palopatok/video/7343515208024952070
Up Shares,10000,https://www.tiktok.com/@palopatok/video/7343514835688230149
Up Shares,10000,https://www.tiktok.com/@palopatok/video/7343514601545354501
Up Shares,10000,https://www.tiktok.com/@palopatok/video/7343514320636054789
Up Shares,10000,https://www.tiktok.com/@palopatok/video/7343514101819280646
Up Shares,10000,https://www.tiktok.com/@palopatok/video/7343513461906754821
Up Shares,10000,https://www.tiktok.com/@palopatok/video/7343512503206300934
Up Shares,10000,https://www.tiktok.com/@palopatok/video/7343471847154912517
Up Shares,10000,https://www.tiktok.com/@palopatok/video/7343471680410406149
Up Shares,10000,https://www.tiktok.com/@palopatok/video/7343471328495734021
Up Shares,10000,https://www.tiktok.com/@palopatok/video/7343471099214073093
Up Shares,10000,https://www.tiktok.com/@palopatok/video/7343470844540144901
Up Shares,10000,https://www.tiktok.com/@palopatok/video/7343470169143938310
Up Shares,10000,https://www.tiktok.com/@palopatok/video/7343470511604763910
Up Shares,10000,https://www.tiktok.com/@palopatok/video/7343469943716891909
Up Shares,10000,https://www.tiktok.com/@palopatok/video/7343469369059446022
Up Shares,10000,https://www.tiktok.com/@palopatok/video/7343416709556030726
Up Shares,10000,https://www.tiktok.com/@palopatok/video/7343416423429000454
Up Shares,10000,https://www.tiktok.com/@palopatok/video/7343378337621871878
Up Shares,10000,https://www.tiktok.com/@palopatok/video/7343378108713569542
Up Shares,10000,https://www.tiktok.com/@palopatok/video/7343377569380650246
Up Shares,10000,https://www.tiktok.com/@palopatok/video/7343377121923943685
Up Shares,10000,https://www.tiktok.com/@palopatok/video/7343227870317137158
Up Shares,10000,https://www.tiktok.com/@palopatok/video/7343227592314588422
Up Shares,10000,https://www.tiktok.com/@palopatok/video/7343227345559489797
Up Shares,10000,https://www.tiktok.com/@palopatok/video/7343227042982399237
Up Shares,10000,https://www.tiktok.com/@palopatok/video/7343226818524204293
Up Shares,10000,https://www.tiktok.com/@palopatok/video/7343226628639591685
Up Shares,10000,https://www.tiktok.com/@palopatok/video/7343226385076423942
Up Shares,10000,https://www.tiktok.com/@palopatok/video/7343226072986553606
Up Shares,10000,https://www.tiktok.com/@palopatok/video/7343225877896973574
Up Shares,10000,https://www.tiktok.com/@palopatok/video/7343225598640213253
Up Shares,10000,https://www.tiktok.com/@palopatok/video/7343216067994553606
Up Shares,10000,https://www.tiktok.com/@palopatok/video/7343215864704978181
Up Shares,10000,https://www.tiktok.com/@palopatok/video/7343215634718690565
Up Shares,10000,https://www.tiktok.com/@palopatok/video/7343033156204875013
Up Shares,10000,https://www.tiktok.com/@palopatok/video/7342671576728358150
Up Shares,10000,https://www.tiktok.com/@palopatok/video/7342352517004610821
Up Shares,10000,https://www.tiktok.com/@palopatok/video/7341663775361142021
Up Shares,10000,https://www.tiktok.com/@palopatok/video/7341588013333417222
Up Shares,10000,https://www.tiktok.com/@palopatok/video/7341197144201678086
Up Shares,10000,https://www.tiktok.com/@palopatok/video/7341160275690720517
Up Shares,10000,https://www.tiktok.com/@palopatok/video/7341135011418066182
Up Shares,10000,https://www.tiktok.com/@palopatok/video/7341130807806889222
Up Shares,10000,https://www.tiktok.com/@palopatok/video/7341073484170267910
Up Shares,10000,https://www.tiktok.com/@palopatok/video/7340533124725542149
Up Shares,10000,https://www.tiktok.com/@palopatok/video/7340426565999807750
Up Favorites,10000,https://www.tiktok.com/@palopatok/video/7344280396651154694
Up Favorites,10000,https://www.tiktok.com/@palopatok/video/7344280239003946246
Up Favorites,10000,https://www.tiktok.com/@palopatok/video/7344280071982681350
Up Favorites,10000,https://www.tiktok.com/@palopatok/video/7344279903858117894
Up Favorites,10000,https://www.tiktok.com/@palopatok/video/7344279699675221254
Up Favorites,10000,https://www.tiktok.com/@palopatok/video/7344279533861752070
Up Favorites,10000,https://www.tiktok.com/@palopatok/video/7344279305301675270
Up Favorites,10000,https://www.tiktok.com/@palopatok/video/7344279073365200134
Up Favorites,10000,https://www.tiktok.com/@palopatok/video/7344278874382945542
Up Favorites,10000,https://www.tiktok.com/@palopatok/video/7344278690773110021
Up Favorites,10000,https://www.tiktok.com/@palopatok/video/7344278476519738630
Up Favorites,10000,https://www.tiktok.com/@palopatok/video/7344278308537765126
Up Favorites,10000,https://www.tiktok.com/@palopatok/video/7344182333047672069
Up Favorites,10000,https://www.tiktok.com/@palopatok/video/7344182157771853061
Up Favorites,10000,https://www.tiktok.com/@palopatok/video/7344181897276296453
Up Favorites,10000,https://www.tiktok.com/@palopatok/video/7344181687707815173
Up Favorites,10000,https://www.tiktok.com/@palopatok/video/7344181441099615493
Up Favorites,10000,https://www.tiktok.com/@palopatok/video/7344181236652395782
Up Favorites,10000,https://www.tiktok.com/@palopatok/video/7344180998222990598
Up Favorites,10000,https://www.tiktok.com/@palopatok/video/7344180757746830597
Up Favorites,10000,https://www.tiktok.com/@palopatok/video/7344180454397889798
Up Favorites,10000,https://www.tiktok.com/@palopatok/video/7344180184683269381
Up Favorites,10000,https://www.tiktok.com/@palopatok/video/7344012221648866565
Up Favorites,10000,https://www.tiktok.com/@palopatok/video/7343995691787881733
Up Favorites,10000,https://www.tiktok.com/@palopatok/video/7343995365902994694
Up Favorites,10000,https://www.tiktok.com/@palopatok/video/7343995184251686149
Up Favorites,10000,https://www.tiktok.com/@palopatok/video/7343994901958315270
Up Favorites,10000,https://www.tiktok.com/@palopatok/video/7343994716339326214
Up Favorites,10000,https://www.tiktok.com/@palopatok/video/7343994490539019525
Up Favorites,10000,https://www.tiktok.com/@palopatok/video/7343993757362146566
Up Favorites,10000,https://www.tiktok.com/@palopatok/video/7343993633919765766
Up Favorites,10000,https://www.tiktok.com/@palopatok/video/7343992088922475781
Up Favorites,10000,https://www.tiktok.com/@palopatok/video/7343991869719809286
Up Favorites,10000,https://www.tiktok.com/@palopatok/video/7343991396254174469
Up Favorites,10000,https://www.tiktok.com/@palopatok/video/7343964264610204933
Up Favorites,10000,https://www.tiktok.com/@palopatok/video/7343964035177598214
Up Favorites,10000,https://www.tiktok.com/@palopatok/video/7343963684437232902
Up Favorites,10000,https://www.tiktok.com/@palopatok/video/7343962700797562117
Up Favorites,10000,https://www.tiktok.com/@palopatok/video/7343803215206468869
Up Favorites,10000,https://www.tiktok.com/@palopatok/video/7343802910729424133
Up Favorites,10000,https://www.tiktok.com/@palopatok/video/7343802552250584325
Up Favorites,10000,https://www.tiktok.com/@palopatok/video/7343802116227468549
Up Favorites,10000,https://www.tiktok.com/@palopatok/video/7343752696626728197
Up Favorites,10000,https://www.tiktok.com/@palopatok/video/7343752508046593286
Up Favorites,10000,https://www.tiktok.com/@palopatok/video/7343752111424916742
Up Favorites,10000,https://www.tiktok.com/@palopatok/video/7343751595437362437
Up Favorites,10000,https://www.tiktok.com/@palopatok/video/7343747897575345413
Up Favorites,10000,https://www.tiktok.com/@palopatok/video/7343747601134570758
Up Favorites,10000,https://www.tiktok.com/@palopatok/video/7343747235424898310
Up Favorites,10000,https://www.tiktok.com/@palopatok/video/7343517169814162693
Up Favorites,10000,https://www.tiktok.com/@palopatok/video/7343517033423736070
Up Favorites,10000,https://www.tiktok.com/@palopatok/video/7343516898333641990
Up Favorites,10000,https://www.tiktok.com/@palopatok/video/7343516813231262982
Up Favorites,10000,https://www.tiktok.com/@palopatok/video/7343515208024952070
Up Favorites,10000,https://www.tiktok.com/@palopatok/video/7343514835688230149
Up Favorites,10000,https://www.tiktok.com/@palopatok/video/7343514601545354501
Up Favorites,10000,https://www.tiktok.com/@palopatok/video/7343514320636054789
Up Favorites,10000,https://www.tiktok.com/@palopatok/video/7343514101819280646
Up Favorites,10000,https://www.tiktok.com/@palopatok/video/7343513461906754821
Up Favorites,10000,https://www.tiktok.com/@palopatok/video/7343512503206300934
Up Favorites,10000,https://www.tiktok.com/@palopatok/video/7343471847154912517
Up Favorites,10000,https://www.tiktok.com/@palopatok/video/7343471680410406149
Up Favorites,10000,https://www.tiktok.com/@palopatok/video/7343471328495734021
Up Favorites,10000,https://www.tiktok.com/@palopatok/video/7343471099214073093
Up Favorites,10000,https://www.tiktok.com/@palopatok/video/7343470844540144901
Up Favorites,10000,https://www.tiktok.com/@palopatok/video/7343470169143938310
Up Favorites,10000,https://www.tiktok.com/@palopatok/video/7343470511604763910
Up Favorites,10000,https://www.tiktok.com/@palopatok/video/7343469943716891909
Up Favorites,10000,https://www.tiktok.com/@palopatok/video/7343469369059446022
Up Favorites,10000,https://www.tiktok.com/@palopatok/video/7343416709556030726
Up Favorites,10000,https://www.tiktok.com/@palopatok/video/7343416423429000454
Up Favorites,10000,https://www.tiktok.com/@palopatok/video/7343378337621871878
Up Favorites,10000,https://www.tiktok.com/@palopatok/video/7343378108713569542
Up Favorites,10000,https://www.tiktok.com/@palopatok/video/7343377569380650246
Up Favorites,10000,https://www.tiktok.com/@palopatok/video/7343377121923943685
Up Favorites,10000,https://www.tiktok.com/@palopatok/video/7343227870317137158
Up Favorites,10000,https://www.tiktok.com/@palopatok/video/7343227592314588422
Up Favorites,10000,https://www.tiktok.com/@palopatok/video/7343227345559489797
Up Favorites,10000,https://www.tiktok.com/@palopatok/video/7343227042982399237
Up Favorites,10000,https://www.tiktok.com/@palopatok/video/7343226818524204293
Up Favorites,10000,https://www.tiktok.com/@palopatok/video/7343226628639591685
Up Favorites,10000,https://www.tiktok.com/@palopatok/video/7343226385076423942
Up Favorites,10000,https://www.tiktok.com/@palopatok/video/7343226072986553606
Up Favorites,10000,https://www.tiktok.com/@palopatok/video/7343225877896973574
Up Favorites,10000,https://www.tiktok.com/@palopatok/video/7343225598640213253
Up Favorites,10000,https://www.tiktok.com/@palopatok/video/7343216067994553606
Up Favorites,10000,https://www.tiktok.com/@palopatok/video/7343215864704978181
Up Favorites,10000,https://www.tiktok.com/@palopatok/video/7343215634718690565
Up Favorites,10000,https://www.tiktok.com/@palopatok/video/7343033156204875013
Up Favorites,10000,https://www.tiktok.com/@palopatok/video/7342671576728358150
Up Favorites,10000,https://www.tiktok.com/@palopatok/video/7342352517004610821
Up Favorites,10000,https://www.tiktok.com/@palopatok/video/7341663775361142021
Up Favorites,10000,https://www.tiktok.com/@palopatok/video/7341588013333417222
Up Favorites,10000,https://www.tiktok.com/@palopatok/video/7341197144201678086
Up Favorites,10000,https://www.tiktok.com/@palopatok/video/7341160275690720517
Up Favorites,10000,https://www.tiktok.com/@palopatok/video/7341135011418066182
Up Favorites,10000,https://www.tiktok.com/@palopatok/video/7341130807806889222
Up Favorites,10000,https://www.tiktok.com/@palopatok/video/7341073484170267910
Up Favorites,10000,https://www.tiktok.com/@palopatok/video/7340533124725542149
Up Favorites,10000,https://www.tiktok.com/@palopatok/video/7340426565999807750